City ID,City,Country,Lat,Lng,Max Temp,Humidity,Cloudiness,Wind Speed,Current Description
0,Marzuq,YE,14.4,46.4667,61.2,37,0,3.91,clear sky
1,Punta Arenas,CL,-53.15,-70.9167,51.12,50,72,26.22,broken clouds
2,Butaritari,KI,3.0707,172.7902,82.09,73,100,17.0,overcast clouds
3,Roma,US,43.2128,-75.4557,41.88,69,20,3.0,few clouds
4,Nioro,GM,13.35,-15.75,95.83,18,24,3.6,few clouds
5,Mogadishu,SO,2.0371,45.3438,79.83,82,69,21.0,broken clouds
6,Ushuaia,AR,-54.8,-68.3,46.06,71,75,34.52,light intensity drizzle
7,Araouane,ML,18.9048,-3.5265,80.29,7,9,7.31,clear sky
8,Cherskiy,RU,68.75,161.3,-42.77,100,48,2.24,scattered clouds
9,Jamestown,US,42.097,-79.2353,39.52,69,20,15.01,few clouds
10,Makakilo City,US,21.3469,-158.0858,71.92,84,75,4.61,broken clouds
11,East London,ZA,-33.0153,27.9116,74.34,88,75,11.5,light rain
12,Ilulissat,GL,69.2167,-51.1,21.22,68,75,8.05,broken clouds
13,Albany,US,42.6001,-73.9662,42.46,60,18,1.99,few clouds
14,Hithadhoo,MV,-0.6,73.0833,81.39,75,100,8.01,overcast clouds
15,New Norfolk,AU,-42.7826,147.0587,51.3,69,6,2.53,clear sky
16,Atuona,PF,-9.8,-139.0333,78.75,77,20,18.9,few clouds
17,Kaitangata,NZ,-46.2817,169.8464,44.22,95,88,3.11,overcast clouds
18,Kulhudhuffushi,MV,6.6221,73.07,82.49,74,87,9.93,overcast clouds
19,Goias,BR,-15.5807,-49.6362,80.1,77,99,9.35,light rain
20,Cape Town,ZA,-33.9258,18.4232,72.09,63,20,3.0,few clouds
21,Ribeira Grande,PT,38.5167,-28.7,59.4,55,40,12.66,scattered clouds
22,Vila Franca Do Campo,PT,37.7167,-25.4333,63.01,74,73,18.77,broken clouds
23,Levokumskoye,RU,44.8219,44.6606,34.79,87,79,12.64,broken clouds
24,Zhoucheng,CN,35.9122,116.3117,31.51,38,0,3.22,clear sky
25,General Roca,AR,-39.0333,-67.5833,73.62,16,41,33.33,light rain
26,Plettenberg Bay,ZA,-34.0527,23.3716,66.31,83,94,7.72,overcast clouds
27,Brae,GB,60.3964,-1.353,46.31,78,100,13.53,overcast clouds
28,Beloha,MG,-25.1667,45.05,76.71,74,72,11.5,broken clouds
29,Jorpeland,NO,59.0225,6.0408,46.15,59,99,6.17,overcast clouds
30,Dikson,RU,73.5069,80.5464,-20.76,95,43,10.8,scattered clouds
31,Zhigansk,RU,66.7697,123.3711,-24.63,100,99,2.42,overcast clouds
32,Clyde River,CA,70.4692,-68.5914,-17.66,97,21,3.96,few clouds
33,Klaksvik,FO,62.2266,-6.589,43.72,73,100,18.79,overcast clouds
34,Upernavik,GL,72.7868,-56.1549,3.31,93,100,9.55,overcast clouds
35,Kapaa,US,22.0752,-159.319,75.52,79,75,3.0,broken clouds
36,Avarua,CK,-21.2078,-159.775,75.25,88,90,2.3,light rain
37,Mar Del Plata,AR,-38.0023,-57.5575,69.82,95,75,17.0,light rain
38,Wattegama,LK,6.7989,81.4808,73.62,94,100,3.87,overcast clouds
39,Emba,KZ,48.8264,58.1442,14.4,78,3,17.69,clear sky
40,Mataura,NZ,-46.1927,168.8643,45.48,99,79,1.83,broken clouds
41,Kosa,RU,59.9445,54.9977,10.13,89,97,5.82,overcast clouds
42,Norman Wells,CA,65.282,-126.8329,-2.16,71,90,19.57,light snow
43,Kortkeros,RU,61.8106,51.5806,3.2,91,95,5.57,overcast clouds
44,Chinsali,ZM,-10.5414,32.0816,76.05,44,73,7.45,broken clouds
45,Qaanaaq,GL,77.484,-69.3632,-1.17,67,94,2.15,overcast clouds
46,Yellowknife,CA,62.456,-114.3525,10.42,89,90,8.05,light snow
47,Oyama,JP,36.3,139.8,54.59,64,6,5.03,clear sky
48,Iracoubo,GF,5.4802,-53.2011,77.67,90,100,12.91,overcast clouds
49,Bonga,ET,7.2833,36.2333,63.07,41,73,2.35,broken clouds
50,The Valley,AI,18.217,-63.0578,85.86,74,40,14.97,scattered clouds
51,Hermanus,ZA,-34.4187,19.2345,68.81,81,100,2.73,overcast clouds
52,Kermanshah,IR,34.3142,47.065,41.9,49,0,0.0,clear sky
53,Tiksi,RU,71.6872,128.8694,-21.3,100,95,1.61,overcast clouds
54,Arraial Do Cabo,BR,-22.9661,-42.0278,89.56,66,40,10.36,scattered clouds
55,Ternate,ID,0.8,127.4,81.79,81,92,10.87,overcast clouds
56,Puerto Ayora,EC,-0.7393,-90.3518,75.16,91,99,3.0,overcast clouds
57,Longyearbyen,SJ,78.2186,15.6401,31.84,80,75,16.11,light snow
58,Lebu,CL,-37.6167,-73.65,58.26,56,6,9.66,clear sky
59,Tuktoyaktuk,CA,69.4541,-133.0374,-4.0,84,90,16.11,light snow
60,Rikitea,PF,-23.1203,-134.9692,77.11,74,54,5.44,broken clouds
61,Kodiak,US,57.79,-152.4072,9.91,56,1,21.85,clear sky
62,Mahebourg,MU,-20.4081,57.7,79.09,65,75,11.5,broken clouds
63,Bambous Virieux,MU,-20.3428,57.7575,79.05,65,75,11.5,broken clouds
64,Chokurdakh,RU,70.6333,147.9167,-30.42,95,100,1.68,overcast clouds
65,Katsuura,JP,35.1333,140.3,56.19,66,10,12.91,clear sky
66,Palmer,US,42.1584,-72.3287,44.92,46,20,3.0,few clouds
67,Georgetown,MY,5.4112,100.3354,82.33,82,20,5.01,few clouds
68,Catalina,US,32.5056,-110.9211,60.66,40,3,1.99,clear sky
69,Darhan,MN,49.4867,105.9228,5.88,86,41,4.88,scattered clouds
70,Intipuca,SV,13.1969,-88.0544,84.09,50,35,4.05,scattered clouds
71,Port Hedland,AU,-20.3167,118.5667,84.25,79,3,9.22,clear sky
72,Codrington,AU,-38.2667,141.9667,59.43,49,10,8.66,clear sky
73,Husavik,IS,66.0449,-17.3389,40.91,78,92,18.57,overcast clouds
74,Hilo,US,19.7297,-155.09,69.8,71,21,5.28,few clouds
75,Khatanga,RU,71.9667,102.5,-51.86,100,76,1.86,broken clouds
76,Viedma,AR,-40.8135,-62.9967,75.67,20,68,16.84,broken clouds
77,Bluff,NZ,-46.6,168.3333,45.81,86,36,2.24,scattered clouds
78,Watertown,US,42.3709,-71.1828,46.49,33,1,5.01,clear sky
79,Lompoc,US,34.6391,-120.4579,60.08,83,1,4.61,clear sky
80,Hervey Bay,AU,-25.2986,152.8535,73.02,80,13,3.0,few clouds
81,Lorengau,PG,-2.0226,147.2712,81.77,85,74,9.69,light rain
82,Hobart,AU,-42.8794,147.3294,51.66,79,4,1.01,clear sky
83,Busselton,AU,-33.65,115.3333,51.08,70,63,11.52,broken clouds
84,Faanui,PF,-16.4833,-151.75,80.35,73,63,10.83,broken clouds
85,Sept-Iles,CA,50.2001,-66.3821,31.05,73,75,15.01,broken clouds
86,Puerto Baquerizo Moreno,EC,-0.9,-89.6,72.59,78,75,13.8,broken clouds
87,Flinders,AU,-34.5833,150.8552,59.81,86,49,6.13,scattered clouds
88,Beringovskiy,RU,63.05,179.3167,-25.08,95,74,10.04,broken clouds
89,Antalaha,MG,-14.9003,50.2788,74.89,87,99,6.64,light rain
90,Torbay,CA,47.6666,-52.7314,57.27,93,90,37.98,light intensity drizzle
91,Ancud,CL,-41.8697,-73.8203,58.53,66,91,14.18,overcast clouds
92,Kralendijk,BQ,12.15,-68.2667,85.98,66,40,12.66,scattered clouds
93,Saskylakh,RU,71.9167,114.0833,-45.11,100,73,3.27,broken clouds
94,Tasiilaq,GL,65.6145,-37.6368,37.56,68,100,28.7,overcast clouds
95,Laguna,US,38.421,-121.4238,53.44,87,90,1.01,mist
96,Baymak,RU,52.5933,58.3225,6.1,82,3,5.06,clear sky
97,Carnarvon,AU,-24.8667,113.6333,69.87,78,40,25.32,scattered clouds
98,Cockburn Town,TC,21.4612,-71.1419,80.06,72,1,17.0,clear sky
99,Severo-Kurilsk,RU,50.6789,156.125,32.58,96,100,12.5,light snow
100,Faya,SA,18.3851,42.4509,60.91,34,7,5.7,clear sky
101,Uarini,BR,-2.99,-65.1083,80.55,87,97,4.38,overcast clouds
102,Antigonish,CA,45.6169,-61.9986,46.58,75,100,15.99,overcast clouds
103,Pevek,RU,69.7008,170.3133,-33.75,96,25,2.51,scattered clouds
104,Vaini,TO,-21.2,-175.2,75.36,94,40,4.61,light rain
105,Thompson,CA,55.7435,-97.8558,-0.24,78,90,3.44,light snow
106,Acapulco,MX,16.8634,-99.8901,82.22,74,1,5.75,clear sky
107,Indapur,IN,18.3,73.25,74.88,64,25,2.13,light rain
108,Hammerfest,NO,70.6634,23.6821,31.73,100,90,5.75,snow
109,Waddan,LY,29.1614,16.139,56.16,47,0,8.84,clear sky
110,Izhma,RU,65.0083,53.9113,10.67,95,99,4.56,overcast clouds
111,Kwidzyn,PL,53.7249,18.9311,28.27,92,87,5.82,overcast clouds
112,Mingyue,CN,43.1069,128.9217,8.87,69,81,15.01,broken clouds
113,Fairbanks,US,64.8378,-147.7164,-5.78,70,90,0.0,haze
114,Port Alfred,ZA,-33.5906,26.891,71.26,85,74,15.82,broken clouds
115,Selfoss,IS,63.9331,-20.9971,43.68,88,100,22.59,light rain
116,Santa Ines,BR,-3.6667,-45.38,97.88,34,80,6.17,broken clouds
117,Bredasdorp,ZA,-34.5322,20.0403,68.29,69,100,8.05,overcast clouds
118,Esperance,AU,-33.8667,121.9,51.64,60,62,7.74,broken clouds
119,Lavrentiya,RU,65.5833,-171.0,-12.69,84,2,4.79,clear sky
120,Korla,CN,41.7597,86.1469,20.34,72,36,1.81,scattered clouds
121,Qaqortoq,GL,60.7167,-46.0333,18.1,86,9,5.95,clear sky
122,Rocha,UY,-34.4833,-54.3333,87.85,34,21,4.83,few clouds
123,Kimbe,PG,-5.5502,150.1429,77.18,95,100,3.13,moderate rain
124,San Cristobal,VE,7.7669,-72.225,75.38,39,88,4.9,overcast clouds
125,Ciudad Bolivar,VE,8.1222,-63.5497,77.86,80,100,8.3,overcast clouds
126,Port Elizabeth,ZA,-33.918,25.5701,74.1,73,90,8.05,overcast clouds
127,Usinsk,RU,65.9939,57.5281,14.32,96,100,10.02,light snow
128,Ketchikan,US,55.3422,-131.6461,34.27,75,90,14.97,light rain
129,Baijiantan,CN,45.6333,85.1833,16.52,78,100,3.47,overcast clouds
130,Westport,US,41.1415,-73.3579,47.86,41,1,1.01,clear sky
131,Necochea,AR,-38.5473,-58.7368,73.04,44,100,11.92,overcast clouds
132,Saint-Philippe,RE,-21.3585,55.7679,78.39,81,91,14.34,light rain
133,Cabo San Lucas,MX,22.8909,-109.9124,73.15,78,40,3.44,scattered clouds
134,Yuzhno-Sukhokumsk,RU,44.6581,45.6436,36.63,83,75,14.07,broken clouds
135,Serebryansk,KZ,49.6925,83.2892,20.75,88,100,4.0,overcast clouds
136,Coquimbo,CL,-29.9533,-71.3436,67.73,63,20,12.66,few clouds
137,Touros,BR,-5.1989,-35.4608,88.7,59,7,15.52,clear sky
138,Newport,GB,51.5877,-2.9984,55.44,80,100,16.67,overcast clouds
139,Mamallapuram,IN,12.6264,80.1722,80.06,82,43,12.15,scattered clouds
140,Akcaabat,TR,41.0212,39.5715,57.07,47,0,3.44,clear sky
141,Shakiso,ET,5.75,38.9167,61.57,52,78,4.43,broken clouds
142,Asau,RO,46.4333,26.4,41.95,85,100,3.87,overcast clouds
143,Aksu,CN,41.1231,80.2644,22.12,64,10,1.68,clear sky
144,Nome,US,64.5011,-165.4064,-7.53,59,1,9.22,clear sky
145,Ponta Do Sol,PT,32.6667,-17.1,71.13,73,52,0.87,broken clouds
146,Hurghada,EG,27.2574,33.8129,73.44,60,75,0.0,broken clouds
147,Taksimo,RU,56.3444,114.8794,-8.28,97,100,0.85,overcast clouds
148,Monrovia,LR,6.3005,-10.7969,87.57,73,93,11.07,overcast clouds
149,Victoria,HK,22.2855,114.1577,69.33,66,10,8.99,clear sky
150,Nemuro,JP,43.3236,145.575,41.99,70,68,29.04,broken clouds
151,Sorsk,RU,54.0033,90.2467,8.74,89,100,3.58,overcast clouds
152,Ostrovnoy,RU,68.0531,39.5131,29.97,90,100,18.81,light snow
153,Nikolskoye,RU,59.7035,30.7861,22.91,97,97,5.21,overcast clouds
154,Hambantota,LK,6.1241,81.1185,79.77,79,100,13.67,overcast clouds
155,Tura,IN,25.5198,90.2201,58.01,65,3,3.78,clear sky
156,Corinto,GR,37.9407,22.9573,61.68,79,5,6.11,clear sky
157,Port Lincoln,AU,-34.7333,135.8667,60.15,80,59,15.86,broken clouds
158,Pacific Grove,US,36.6177,-121.9166,49.62,76,90,1.01,overcast clouds
159,Mehamn,NO,71.0357,27.8492,30.38,93,75,12.66,light snow
160,Grand-Santi,GF,4.25,-54.3833,78.37,96,100,3.47,overcast clouds
161,Russell,US,32.3502,-85.1999,53.96,60,1,8.05,clear sky
162,Constitucion,CL,-35.3333,-72.4167,63.07,56,6,17.38,clear sky
163,Borogontsy,RU,62.6683,131.1683,-31.85,100,96,2.44,overcast clouds
164,Karasburg,NA,-28.0167,18.75,90.03,8,2,14.09,clear sky
165,Komsomolskiy,UZ,40.4272,71.7189,38.62,55,22,4.61,haze
166,Rafaela,AR,-31.2503,-61.4867,97.07,26,28,6.73,scattered clouds
167,Hereford,GB,52.0568,-2.7148,55.0,84,100,1.01,overcast clouds
168,Zapadnaya Dvina,RU,56.259,32.0745,34.02,98,100,9.13,light rain
169,Dukat,RU,62.55,155.55,-5.21,99,100,3.6,light snow
170,Okhotsk,RU,59.3833,143.3,-2.38,75,88,18.25,overcast clouds
171,Tessalit,ML,20.1986,1.0114,79.18,7,9,5.55,clear sky
172,San Patricio,US,28.017,-97.5169,57.07,35,0,6.78,clear sky
173,Santona,ES,43.4439,-3.4576,59.7,87,82,7.56,broken clouds
174,Dieppe,FR,49.75,1.1667,52.32,91,100,7.52,overcast clouds
175,Vostochnyy,RU,55.8167,37.8667,24.78,96,99,7.72,overcast clouds
176,Iquique,CL,-20.2208,-70.1431,69.84,75,51,5.53,broken clouds
177,Barrow,US,71.2906,-156.7887,-9.38,70,1,14.97,clear sky
178,Talnakh,RU,69.4865,88.3972,-23.8,89,100,1.77,overcast clouds
179,Poum,NC,-20.2333,164.0167,77.85,83,100,15.46,light rain
180,Bethel,US,41.3712,-73.414,46.18,45,1,3.0,clear sky
181,Moron De La Frontera,ES,37.1208,-5.454,69.87,35,0,3.44,clear sky
182,Grand Gaube,MU,-20.0064,57.6608,79.2,67,100,7.0,overcast clouds
183,Koshurnikovo,RU,54.1667,93.3,16.07,97,100,2.17,snow
184,Aden,YE,12.7794,45.0367,79.48,64,0,15.01,clear sky
185,Grindavik,IS,63.8424,-22.4338,41.47,87,75,23.02,broken clouds
186,Bengkulu,ID,-3.8004,102.2655,75.85,91,94,3.98,moderate rain
187,Airai,TL,-8.9266,125.4092,61.36,92,71,0.98,broken clouds
188,Kahului,US,20.8947,-156.47,71.62,90,1,12.66,clear sky
189,Maxixe,MZ,-23.8597,35.3472,79.68,87,22,13.6,few clouds
190,Yurty,RU,56.0498,97.6348,13.59,91,100,7.78,overcast clouds
191,Davila,PH,18.4726,120.5763,75.69,76,71,22.53,broken clouds
192,Tamandare,BR,-8.7597,-35.1047,85.19,59,6,10.56,clear sky
193,Castro,BR,-24.7911,-50.0119,86.18,28,89,6.33,overcast clouds
194,Niteroi,BR,-22.8833,-43.1036,98.22,52,0,3.44,clear sky
195,Paita,PE,-5.0892,-81.1144,81.16,72,32,9.33,scattered clouds
196,Syamzha,RU,60.0158,41.0614,13.12,93,29,7.56,scattered clouds
197,Luba,GQ,3.4568,8.5547,82.18,79,100,7.38,overcast clouds
198,Meulaboh,ID,4.1363,96.1285,77.11,90,94,4.85,overcast clouds
199,Yulara,AU,-25.2406,130.9889,69.64,78,90,4.61,light rain
200,Zonguldak,TR,41.25,31.8333,48.88,66,8,0.56,clear sky
201,Soanierana Ivongo,MG,-16.9167,49.5833,75.54,86,20,5.57,light rain
202,Vanimo,PG,-2.6741,141.3028,79.07,90,100,9.42,overcast clouds
203,Basco,PH,20.4487,121.9702,76.06,65,43,22.06,scattered clouds
204,Avesta,SE,60.1455,16.1679,30.92,99,100,2.68,overcast clouds
205,Canala,NC,-21.5333,165.95,82.89,84,100,4.85,overcast clouds
206,Santa Cruz,BO,-17.8,-63.1667,75.25,88,90,12.66,moderate rain
207,Saint George,US,37.1041,-113.5841,50.54,80,1,0.0,clear sky
208,Sao Filipe,CV,14.8961,-24.4956,76.03,68,32,12.03,scattered clouds
209,College,US,64.8569,-147.8028,-5.8,69,90,0.0,light snow
210,Lagoa,PT,39.05,-27.9833,55.99,62,99,30.11,overcast clouds
211,Charters Towers,AU,-20.1,146.2667,75.33,79,11,8.61,few clouds
212,Chengde,CN,40.9725,117.9361,20.28,38,0,3.2,clear sky
213,Suluq,LY,31.6682,20.2521,59.59,59,29,9.33,scattered clouds
214,Hobyo,SO,5.3505,48.5268,79.27,78,62,18.61,broken clouds
215,Ambon,ID,-3.6954,128.1814,82.06,80,99,5.17,overcast clouds
216,Novo Aripuana,BR,-5.1206,-60.3797,79.34,91,98,3.51,overcast clouds
217,Saint-Michel-Des-Saints,CA,46.6834,-73.9159,31.93,71,67,15.21,broken clouds
218,Manta,EC,-0.95,-80.7333,74.98,94,90,3.44,light rain
219,Karratha,AU,-20.7377,116.8463,91.8,21,2,14.38,clear sky
220,Anadyr,RU,64.75,177.4833,-32.3,75,33,15.66,mist
221,Vila Velha,BR,-20.3297,-40.2925,91.35,63,40,11.99,scattered clouds
222,Buala,SB,-8.145,159.5921,80.62,84,100,7.58,light rain
223,Arlit,NE,18.7369,7.3853,77.65,6,22,6.46,few clouds
224,Puerto Princesa,PH,9.7392,118.7353,79.5,85,67,8.01,broken clouds
225,Taoudenni,ML,22.6783,-3.9836,79.41,9,53,10.02,broken clouds
226,Souillac,MU,-20.5167,57.5167,79.18,65,75,11.5,broken clouds
227,Oudtshoorn,ZA,-33.5907,22.2014,64.76,66,100,12.1,overcast clouds
228,Terney,RU,45.0503,136.6092,16.97,63,77,23.76,broken clouds
229,Chapais,CA,49.7834,-74.8492,19.18,87,100,13.96,overcast clouds
230,Pimentel,PE,-6.8367,-79.9342,77.29,57,0,14.97,clear sky
231,Cidreira,BR,-30.1811,-50.2056,75.7,70,7,9.42,clear sky
232,Kamenka,RU,51.3223,42.7678,20.75,64,9,10.6,clear sky
233,Waipawa,NZ,-41.4122,175.5153,54.23,95,100,6.38,overcast clouds
234,Poronaysk,RU,49.2167,143.1167,23.45,96,100,17.49,snow
235,Trinidad,BO,-14.8333,-64.9,84.18,45,75,18.41,broken clouds
236,Pisco,PE,-13.7,-76.2167,70.02,78,75,6.91,broken clouds
237,Nichlaul,IN,27.3167,83.7333,58.03,51,39,4.25,scattered clouds
238,Muros,ES,42.7762,-9.0603,59.5,87,22,2.21,few clouds
239,Svetlaya,RU,46.5389,138.3297,21.74,59,100,18.63,overcast clouds
240,Quthing,LS,-30.4,27.7003,73.27,47,84,4.63,broken clouds
241,Kragero,NO,58.8693,9.4149,38.44,96,100,3.58,overcast clouds
242,Caravelas,BR,-17.7125,-39.2481,84.27,62,69,11.34,broken clouds
243,Thinadhoo,MV,0.5333,72.9333,80.02,78,95,5.93,overcast clouds
244,Shenyang,CN,41.7922,123.4328,12.22,73,0,2.24,clear sky
245,Suhbaatar,MN,50.2314,106.2078,-1.17,96,33,1.01,scattered clouds
246,Pakokku,MM,21.3333,95.1,71.02,61,3,3.78,clear sky
247,Katobu,ID,-4.9408,122.5276,76.96,92,82,3.33,broken clouds
248,Doha,QA,25.2867,51.5333,69.78,68,0,9.22,clear sky
249,Rajauri,IN,33.3833,74.3,50.0,37,100,3.94,overcast clouds
250,Romny,UA,50.751,33.4747,36.43,77,100,12.57,light rain
251,Hasaki,JP,35.7333,140.8333,48.6,58,63,12.5,broken clouds
252,San-Pedro,CI,4.7485,-6.6363,82.53,73,13,8.12,few clouds
253,Filingue,NE,14.3521,3.3168,87.3,10,32,7.11,scattered clouds
254,Guerrero Negro,MX,27.9769,-114.0611,64.18,49,5,3.83,clear sky
255,Saraza,PH,8.7356,117.78,79.56,88,100,11.25,overcast clouds
256,Dubbo,AU,-32.25,148.6167,59.13,82,0,13.8,clear sky
257,Matay,EG,28.419,30.7792,68.05,46,100,8.5,overcast clouds
258,Khorramshahr,IR,30.4397,48.1664,60.76,44,0,6.91,clear sky
259,Imamoglu,TR,37.2651,35.6572,60.03,56,52,4.61,broken clouds
260,Namibe,AO,-15.1961,12.1522,72.95,72,10,8.95,clear sky
261,Mareeba,AU,-17.0,145.4333,75.92,95,77,2.46,broken clouds
262,Burla,IN,21.5,83.8667,66.99,54,0,2.57,clear sky
263,Nuuk,GL,64.1835,-51.7216,20.01,86,20,16.11,few clouds
264,Fortuna,US,40.5982,-124.1573,48.65,76,90,1.01,overcast clouds
265,Kautokeino,NO,69.0125,23.0412,15.6,97,100,12.17,overcast clouds
266,Cabra,ES,37.4725,-4.4421,65.64,52,1,1.39,clear sky
267,Keningau,MY,5.3378,116.1602,75.65,99,100,1.19,overcast clouds
268,Weiser,US,44.251,-116.9693,46.02,75,100,5.64,overcast clouds
269,Petropavlovsk-Kamchatskiy,RU,53.0452,158.6483,30.79,64,75,17.9,broken clouds
270,Gorele,TR,41.0308,39.0031,56.64,48,20,9.6,few clouds
271,Lakatoro,VU,-16.0999,167.4164,81.28,85,100,16.33,overcast clouds
272,Haines Junction,CA,60.7522,-137.5108,-4.05,59,100,4.61,overcast clouds
273,Bud,US,39.447,-86.1758,44.69,57,20,12.88,few clouds
274,Lhokseumawe,ID,5.1801,97.1507,76.59,83,44,4.34,scattered clouds
275,Labuhan,ID,-6.8844,112.2051,78.71,86,56,9.26,broken clouds
276,Aldan,RU,58.6031,125.3894,-26.54,93,18,5.3,few clouds
277,Rotnes,NO,60.0571,10.8614,33.48,94,100,2.17,overcast clouds
278,Berea,US,41.3662,-81.8543,44.49,56,1,1.99,clear sky
279,Amaraji,BR,-8.3831,-35.4525,83.05,38,29,14.7,scattered clouds
280,Tabou,CI,4.423,-7.3528,82.67,74,26,9.15,scattered clouds
281,Quatre Cocos,MU,-20.2078,57.7625,78.91,71,100,17.31,overcast clouds
282,Dera Bugti,PK,29.0307,69.151,56.93,28,0,3.18,clear sky
283,Dingle,PH,10.9995,122.6711,75.24,94,86,7.74,overcast clouds
284,Bunia,CD,1.5667,30.25,69.91,42,95,5.91,overcast clouds
285,Ukiah,US,39.1502,-123.2078,51.64,95,90,6.91,mist
286,Saint-Denis,FR,48.9167,2.3333,52.48,95,90,1.01,overcast clouds
287,Jumla,NP,29.2747,82.1838,36.91,44,13,5.57,few clouds
288,Limbang,MY,4.75,115.0,79.11,95,99,1.77,overcast clouds
289,Bilma,NE,18.6853,12.9164,72.68,9,7,9.42,clear sky
290,Egvekinot,RU,66.3167,-179.1667,-24.25,87,16,6.15,few clouds
291,Sitka,US,57.0531,-135.33,35.49,69,90,17.27,moderate rain
292,Union,US,40.6334,-74.2663,48.29,40,1,10.36,clear sky
293,Ahipara,NZ,-35.1667,173.1667,66.18,97,100,5.14,overcast clouds
294,Bartica,GY,6.4,-58.6167,79.12,98,100,2.15,light rain
295,Chuy,UY,-33.6971,-53.4616,81.73,47,1,9.26,clear sky
296,Hailar,CN,49.2,119.7,6.26,84,100,11.16,overcast clouds
297,Rancho Mirage,US,33.7397,-116.4128,66.96,32,1,4.61,clear sky
298,Lardos,GR,36.0942,28.0157,64.22,73,0,14.25,clear sky
299,Ilhabela,BR,-23.7781,-45.3581,79.68,71,70,2.68,broken clouds
300,Nova Borova,UA,50.693,28.6345,40.03,93,100,7.65,overcast clouds
301,Nishihara,JP,26.1842,127.7558,69.08,64,75,16.11,broken clouds
302,Kropotkin,RU,45.4375,40.5756,41.76,70,100,18.54,overcast clouds
303,Agirish,RU,61.9247,63.0231,11.73,82,55,8.05,broken clouds
304,Dongsheng,CN,39.8161,109.9776,18.66,58,0,8.55,clear sky
305,Taiyuan,CN,37.8694,112.5603,22.86,42,0,2.24,clear sky
306,Masuda,JP,34.6667,131.85,47.93,64,96,11.99,overcast clouds
307,Daru,PG,-9.0763,143.2092,77.2,90,82,8.95,light rain
308,Nelson Bay,AU,-32.7167,152.15,64.11,80,47,1.01,scattered clouds
309,Sterling,US,39.0062,-77.4286,48.31,44,1,1.01,clear sky
310,Los Llanos De Aridane,ES,28.6585,-17.9182,65.95,87,75,1.99,broken clouds
311,Ust-Omchug,RU,61.15,149.6333,-6.54,99,100,8.01,light snow
312,Inirida,CO,3.8653,-67.9239,85.28,74,64,1.61,broken clouds
313,Clonakilty,IE,51.6231,-8.8706,52.81,86,96,33.64,overcast clouds
314,Kollo,NE,13.3043,2.339,95.43,12,80,7.7,broken clouds
315,Montemor-O-Novo,PT,38.6481,-8.2145,69.21,61,5,4.32,clear sky
316,Bairiki,KI,1.3292,172.9752,81.55,71,100,17.72,overcast clouds
317,Vardo,NO,70.3705,31.1107,26.8,93,75,11.5,light snow
318,Biak,ID,-0.9131,122.8766,77.9,86,100,3.09,overcast clouds
319,Batagay-Alyta,RU,67.8006,130.4114,-27.42,99,99,2.48,overcast clouds
320,Provideniya,RU,64.3833,-173.3,-10.17,88,54,5.48,broken clouds
321,Chuguyevka,RU,44.1653,133.8633,8.35,89,100,14.09,light snow
322,Popondetta,PG,-8.7537,148.2534,72.84,93,100,3.2,overcast clouds
323,Sindor,RU,62.8629,51.8905,11.88,84,96,7.25,overcast clouds
324,Portland,US,45.5234,-122.6762,42.24,93,90,5.01,overcast clouds
325,Krasnoarmeyskiy,RU,47.0114,42.2072,32.59,61,85,16.75,overcast clouds
326,Ingolstadt,DE,48.7667,11.4333,39.54,86,75,1.14,broken clouds
327,Lalupon,NG,7.4667,4.0667,88.32,26,65,1.83,broken clouds
328,Hirara,JP,24.8,125.2833,69.87,75,100,29.59,overcast clouds
329,Sinnamary,GF,5.3833,-52.95,78.06,90,100,12.97,overcast clouds
330,Yakeshi,CN,49.2833,120.7333,1.36,94,100,5.06,overcast clouds
331,Shubarkuduk,KZ,49.1447,56.4872,17.56,66,12,14.07,few clouds
332,Sechura,PE,-5.5569,-80.8222,76.15,61,70,6.73,broken clouds
333,Batemans Bay,AU,-35.7167,150.1833,57.9,94,23,3.69,few clouds
334,Hearst,CA,49.6835,-83.6665,30.45,86,98,13.47,overcast clouds
335,Broome,US,42.2506,-75.833,43.63,49,1,5.99,clear sky
336,Zaysan,KZ,47.4667,84.8667,11.73,88,100,1.48,overcast clouds
337,Scarborough,GB,54.2797,-0.4044,55.08,91,51,1.99,broken clouds
338,Frankfort,ZA,-27.2667,28.4833,62.78,76,100,3.91,overcast clouds
339,Oksfjord,NO,70.2396,22.3479,32.18,95,100,3.83,light snow
340,Iseyin,NG,7.9667,3.6,91.72,18,26,3.38,scattered clouds
341,Djougou,BJ,9.7085,1.666,93.31,14,68,5.21,broken clouds
342,North Platte,US,41.1239,-100.7654,38.32,49,1,1.01,clear sky
343,Bozeman,US,45.6796,-111.0386,39.2,50,88,3.0,overcast clouds
344,Yumen,CN,40.2833,97.2,21.29,36,0,8.08,clear sky
345,Coutances,FR,49.05,-1.4333,52.52,78,53,10.33,broken clouds
346,Veraval,IN,20.9,70.3667,74.95,66,0,6.38,clear sky
347,Bilibino,RU,68.0546,166.4372,-37.86,97,17,4.68,few clouds
348,Yanam,IN,16.7333,82.2167,79.2,73,12,7.87,light rain
349,Jiblah,YE,13.9216,44.1467,55.96,63,0,4.74,clear sky
350,La Rioja,ES,42.25,-2.5,47.98,78,75,5.82,broken clouds
351,Saint-Francois,FR,46.4154,3.9054,44.47,87,90,2.3,overcast clouds
352,Ola,RU,59.5833,151.2833,14.14,93,100,9.57,light snow
353,Amazar,RU,53.858,120.875,-1.52,98,100,1.79,overcast clouds
354,Kavieng,PG,-2.5744,150.7967,81.97,80,100,3.56,light rain
355,Solginskiy,RU,61.05,41.3428,13.19,93,43,7.0,scattered clouds
356,Huarmey,PE,-10.0681,-78.1522,73.11,73,23,11.23,few clouds
357,Kushmurun,KZ,52.4503,64.6311,3.58,96,10,4.74,clear sky
358,Am Timan,TD,11.0297,20.2827,86.16,17,71,4.7,broken clouds
359,Elizabeth City,US,36.2946,-76.2511,51.03,48,40,1.99,scattered clouds
360,Lazaro Cardenas,MX,17.9583,-102.2,83.5,66,66,6.11,broken clouds
361,Kilindoni,TZ,-7.9139,39.6668,80.28,76,69,10.67,broken clouds
362,Sulangan,PH,11.1373,123.7228,80.62,84,57,14.23,broken clouds
363,Opuwo,NA,-18.0607,13.84,83.77,38,93,8.77,overcast clouds
364,Carutapera,BR,-1.195,-46.02,89.15,55,40,11.05,scattered clouds
365,Garden City,US,42.3256,-83.331,44.17,62,1,3.0,clear sky
366,Hualmay,PE,-11.0964,-77.6139,72.37,72,32,10.25,scattered clouds
367,Sioux Lookout,CA,50.1001,-91.917,30.58,74,1,10.36,clear sky
368,Manyana,BW,-23.4,21.7167,80.44,41,100,14.67,overcast clouds
369,Kholm,RU,59.2667,32.85,27.7,94,100,6.8,overcast clouds
370,Danshui,CN,22.7984,114.4672,69.03,62,4,10.45,clear sky
371,Huambo,AO,-12.7761,15.7392,62.42,97,96,5.06,heavy intensity rain
372,Predivinsk,RU,57.0669,93.4378,10.09,95,100,4.9,overcast clouds
373,Neiafu,TO,-18.65,-173.9833,74.08,94,90,8.05,heavy intensity rain
374,Donna,US,26.1703,-98.0519,61.77,53,40,5.75,scattered clouds
375,Lesnoy,RU,57.6198,63.0784,18.7,71,20,9.44,few clouds
376,Verkh-Usugli,RU,52.7,115.1667,0.93,97,100,0.45,overcast clouds
377,Aykhal,RU,66.0,111.5,-46.59,100,100,5.99,overcast clouds
378,Mnogovershinnyy,RU,53.9353,139.9242,21.81,95,100,18.1,snow
379,Mantua,IT,45.1667,10.7833,43.43,80,48,5.01,scattered clouds
380,Puro,PH,12.4841,123.3827,78.04,90,99,16.42,overcast clouds
381,Padilla,CO,3.2204,-76.3139,72.97,97,100,0.04,overcast clouds
382,Kaeo,NZ,-35.1,173.7833,70.32,96,100,1.95,overcast clouds
383,Kavaratti,IN,10.5669,72.642,82.15,72,65,1.86,broken clouds
384,Porteirinha,BR,-15.7433,-43.0283,81.77,70,99,3.67,overcast clouds
385,Wolsztyn,PL,52.1155,16.1171,31.91,92,97,5.53,overcast clouds
386,Koutsouras,GR,35.0339,25.9469,63.1,71,52,12.15,broken clouds
387,Seydi,TM,39.4816,62.9137,48.27,69,100,6.76,overcast clouds
388,Aklavik,CA,68.2191,-135.0107,0.32,91,100,22.66,overcast clouds
389,Kjollefjord,NO,70.9457,27.3465,30.25,93,75,12.66,light snow
390,Ilam,NP,26.9167,87.9167,51.71,73,15,5.06,few clouds
391,Sungaipenuh,ID,-2.0833,101.3833,65.34,97,100,2.24,overcast clouds
392,Lucero,PH,16.4051,119.9124,80.53,75,81,6.71,broken clouds
393,Snezhnogorsk,RU,69.1933,33.2531,24.58,92,100,10.02,overcast clouds
394,Naze,JP,28.3667,129.4833,62.65,68,43,17.87,scattered clouds
395,Victor Harbor,AU,-35.5667,138.6167,77.47,85,73,1.01,broken clouds
396,Champerico,GT,14.3,-91.9167,88.34,63,1,4.23,clear sky
397,Naples,IT,40.8333,14.25,50.14,65,20,3.0,few clouds
398,San Vicente,AR,-26.6167,-54.1333,79.5,47,91,3.87,overcast clouds
399,Bandundu,CD,-3.3167,17.3667,70.88,96,100,3.47,overcast clouds
400,Beyneu,KZ,45.3167,55.2,25.88,68,6,11.03,clear sky
401,Micheweni,TZ,-4.9667,39.8333,78.89,83,70,10.25,light rain
402,San Miguel,SV,13.4833,-88.1833,83.8,89,0,2.3,clear sky
403,Barinas,VE,8.6226,-70.2075,89.64,37,68,3.44,broken clouds
404,Mackenzie,CA,55.2999,-123.1698,16.02,92,90,4.61,overcast clouds
405,Fort Nelson,CA,58.8053,-122.7002,-0.81,85,90,4.61,light snow
406,Birjand,IR,32.8663,59.2211,45.07,24,0,4.61,clear sky
407,Impfondo,CG,1.6381,18.0667,82.45,48,46,0.76,scattered clouds
408,Avera,US,33.194,-82.5271,56.93,49,20,9.06,few clouds
409,Sorland,NO,67.667,12.6934,39.06,72,94,12.21,overcast clouds
410,Billings,US,45.7833,-108.5007,43.5,48,40,20.71,scattered clouds
411,Porangatu,BR,-13.4408,-49.1486,81.36,81,100,7.45,light rain
412,Magdagachi,RU,53.45,125.8,-9.92,92,13,2.84,few clouds
413,Geraldton,AU,-28.7667,114.6,63.01,72,27,11.5,scattered clouds
414,Najran,SA,17.4924,44.1277,61.45,46,17,4.41,few clouds
415,Zheleznodorozhnyy,RU,55.7503,38.0042,26.82,95,98,7.96,overcast clouds
416,Karrapur,IN,23.95,78.85,56.46,45,19,4.07,few clouds
417,Berlevag,NO,70.8578,29.0864,26.6,91,100,14.72,snow
418,San Ramon,US,37.7799,-121.978,51.62,86,90,1.01,light rain
419,Trelew,AR,-43.249,-65.3051,75.69,15,1,22.35,clear sky
420,Soyo,AO,-6.1349,12.3689,84.25,87,86,10.58,overcast clouds
421,Paamiut,GL,61.994,-49.6678,11.7,83,54,9.13,broken clouds
422,Moron,AR,-34.6534,-58.6198,76.86,61,90,12.66,light rain
423,Yukhnov,RU,54.7444,35.2297,25.48,96,96,6.67,overcast clouds
424,Kingman,US,35.1894,-114.053,52.54,38,1,3.0,clear sky
425,Karur,IN,10.95,78.0833,73.53,88,76,5.73,broken clouds
426,Sumbe,AO,-11.2061,13.8437,80.62,80,79,6.6,broken clouds
427,Haapiti,PF,-17.5667,-149.8667,80.33,73,88,8.12,light rain
428,Port Macquarie,AU,-31.4333,152.9167,62.56,89,12,8.86,few clouds
429,Lexington Park,US,38.2668,-76.4538,48.94,40,20,4.0,few clouds
430,Khash,IR,28.2211,61.2158,48.58,29,25,4.52,scattered clouds
431,Vestmannaeyjar,IS,63.4427,-20.2734,43.79,75,40,23.02,scattered clouds
432,Maceio,BR,-9.6658,-35.7353,89.04,55,40,17.27,scattered clouds
433,Svarstad,NO,59.399,9.9698,37.81,58,100,1.3,overcast clouds
434,Lyuban,BY,52.7985,28.0048,36.91,99,100,1.97,overcast clouds
435,Sao Jose Da Coroa Grande,BR,-8.8978,-35.1478,84.74,61,18,11.12,few clouds
436,Puerto Del Rosario,ES,28.5004,-13.8627,67.75,77,20,8.05,few clouds
437,Petrovsk,RU,52.3064,45.3917,20.57,74,19,10.51,few clouds
438,Greenwood,US,34.1668,-82.1165,55.54,51,1,4.0,clear sky
439,Ginda,IN,30.6945,78.4932,46.02,29,100,3.2,overcast clouds
440,Praia Da Vitoria,PT,38.7333,-27.0667,60.76,82,75,27.67,broken clouds
441,Narsaq,GL,60.9167,-46.05,17.82,82,10,7.45,clear sky
442,Payo,ID,-3.7508,103.6372,73.56,99,100,1.74,light rain
443,Vao,NC,-22.6667,167.4833,77.52,89,100,14.52,overcast clouds
444,Dhidhdhoo,MV,6.8833,73.1,82.58,74,82,10.25,broken clouds
445,Armizonskoye,RU,55.9461,67.6736,10.67,86,35,10.67,scattered clouds
446,Thunder Bay,CA,48.4001,-89.3168,35.56,75,1,0.0,clear sky
447,Ryotsu,JP,38.0833,138.4333,39.52,85,99,27.25,overcast clouds
448,Lasa,IT,46.6166,10.7002,38.28,77,21,8.43,few clouds
449,Whitehorse,CA,60.7161,-135.0538,-5.03,71,75,9.22,light snow
450,Cocobeach,GA,1.0002,9.5823,82.33,78,100,5.91,overcast clouds
451,Lahij,YE,13.1667,44.5833,71.78,62,1,6.85,clear sky
452,Tupik,RU,54.4253,119.9327,-5.64,97,99,2.28,overcast clouds
453,Kutum,SD,14.2,24.6667,73.47,17,92,7.05,overcast clouds
454,Inhambane,MZ,-23.865,35.3833,80.06,87,22,14.34,few clouds
455,Springbok,ZA,-29.6643,17.8865,71.92,33,7,16.08,clear sky
456,Yerbogachen,RU,61.2767,108.0108,-27.65,97,98,7.63,overcast clouds
457,West Bay,KY,19.3667,-81.4167,86.07,76,20,1.99,few clouds
458,Kasongo-Lunda,CD,-6.4667,16.8167,72.75,97,68,3.22,light rain
459,Iquitos,PE,-3.7481,-73.2472,89.64,62,40,13.8,scattered clouds
460,Uyuni,BO,-20.4597,-66.825,55.18,18,0,17.18,clear sky
461,Lukulu,ZM,-14.3707,23.242,86.0,23,95,3.51,overcast clouds
462,Marawi,PH,7.9986,124.2928,68.65,97,53,1.23,broken clouds
463,Tromso,NO,69.6496,18.957,32.02,93,75,1.01,light shower snow
464,Ouango,CF,4.3133,22.5552,85.21,40,66,1.34,broken clouds
465,Mitzic,GA,0.7821,11.549,76.14,75,86,4.05,overcast clouds
466,Ust-Tsilma,RU,65.441,52.1498,10.24,95,99,3.62,overcast clouds
467,Sola,VU,-13.8833,167.55,81.39,78,100,16.6,light rain
468,Purranque,CL,-40.9167,-73.1667,56.53,84,89,4.21,overcast clouds
469,Sao Felix Do Xingu,BR,-6.6447,-51.995,77.97,95,100,0.92,overcast clouds
470,Iqaluit,CA,63.7506,-68.5145,10.13,67,75,0.0,broken clouds
471,Ibotirama,BR,-12.1853,-43.2206,83.52,62,99,7.02,overcast clouds
472,Lagos,NG,6.5833,3.75,89.92,69,82,7.65,broken clouds
473,Lekoni,GA,-1.5843,14.2591,76.86,80,100,4.76,light rain
474,Tomari,RU,47.7658,142.0683,32.81,95,100,5.68,light snow
475,Nasirabad,IN,26.3,74.7333,58.48,47,4,6.67,clear sky
476,Narasannapeta,IN,18.4167,84.05,72.27,77,41,8.9,scattered clouds
477,Kodinsk,RU,58.6881,99.1844,-5.71,98,97,4.21,overcast clouds
478,Vagur,FO,61.4732,-6.8119,45.09,70,100,18.57,overcast clouds
479,Les Escoumins,CA,48.1111,-69.0236,31.35,66,98,22.48,overcast clouds
480,Dunedin,NZ,-45.8742,170.5036,52.81,84,94,4.0,overcast clouds
481,Awjilah,LY,29.1081,21.2869,60.04,30,63,6.82,broken clouds
482,Bubaque,GW,11.2833,-15.8333,81.61,72,51,12.03,broken clouds
483,Port-Gentil,GA,-0.7193,8.7815,84.16,74,40,3.44,scattered clouds
484,San Jeronimo,PE,-11.9472,-75.2829,64.76,44,27,2.37,scattered clouds
485,Athabasca,CA,54.7169,-113.2854,19.22,96,92,3.27,overcast clouds
486,Aksha,RU,50.2814,113.2867,5.47,87,100,3.8,overcast clouds
487,Kirakira,SB,-10.4544,161.9205,81.27,85,100,13.33,overcast clouds
488,Galesong,ID,-5.3166,119.3661,75.22,82,91,6.87,overcast clouds
489,Xuddur,SO,4.1213,43.8894,84.04,37,83,9.66,broken clouds
490,Farafangana,MG,-22.8167,47.8333,77.07,80,5,8.5,clear sky
491,Qasigiannguit,GL,68.8193,-51.1922,21.45,94,100,4.45,overcast clouds
492,San Luis,AR,-33.295,-66.3356,63.3,83,99,13.44,overcast clouds
493,Key West,US,24.5557,-81.7826,82.4,77,90,8.05,overcast clouds
494,Huangnihe,CN,43.5583,128.0239,6.19,78,67,12.33,broken clouds
495,San Quintin,MX,30.4833,-115.95,60.51,46,10,2.86,clear sky
496,Grimshaw,CA,56.1834,-117.6027,12.02,92,90,12.66,mist
497,Nuevo Ideal,MX,24.8875,-105.0728,60.96,38,3,3.36,clear sky
498,Tall Kayf,TR,37.0833,41.0667,57.54,35,16,5.03,few clouds
499,Cuenca,EC,-2.8833,-78.9833,64.53,72,75,9.22,light rain
500,San Fernando,PH,15.0286,120.6898,79.14,80,84,7.63,broken clouds
501,Olafsvik,IS,64.8945,-23.7142,40.8,95,100,19.82,overcast clouds
502,Aketi,CD,2.7388,23.7833,83.21,57,100,3.71,overcast clouds
503,Santa Rita,BR,-7.1139,-34.9781,90.27,51,40,12.66,scattered clouds
504,Kedrovyy,RU,56.1667,91.8167,10.87,95,100,8.19,light snow
505,Progreso,MX,21.2833,-89.6667,86.11,63,12,7.47,few clouds
506,Port Blair,IN,11.6667,92.75,79.65,77,13,10.56,few clouds
507,Jasper,US,37.2001,-94.3502,47.68,45,1,8.01,clear sky
508,Kruisfontein,ZA,-34.0033,24.7314,71.89,79,100,10.85,overcast clouds
509,Kutahya,TR,39.4242,29.9833,55.35,76,19,6.35,few clouds
510,Amahai,ID,-3.3333,128.9167,80.01,83,98,4.47,overcast clouds
511,Stony Plain,CA,53.5334,-114.0021,26.35,86,90,9.22,overcast clouds
512,Apac,UG,1.9756,32.5386,78.85,27,93,9.17,overcast clouds
513,Rassvet,RU,46.8333,40.75,35.78,68,100,19.82,overcast clouds
514,Rawson,AR,-43.3002,-65.1023,73.47,20,1,21.27,clear sky
515,Yishui,CN,35.7847,118.6281,27.91,46,0,2.64,clear sky
516,Tallahassee,US,30.4383,-84.2807,62.67,86,90,1.01,overcast clouds
517,Tahta,EG,26.7693,31.5021,73.72,28,99,7.52,overcast clouds
518,Kununurra,AU,-15.7667,128.7333,84.18,65,8,5.75,clear sky
519,Feijo,BR,-8.1642,-70.3536,86.38,70,100,6.58,overcast clouds
520,Nanortalik,GL,60.1432,-45.2371,23.56,80,54,12.84,broken clouds
521,Tuatapere,NZ,-46.1333,167.6833,45.82,88,66,2.77,broken clouds
522,Suntar,RU,62.1444,117.6319,-15.0,93,99,5.12,overcast clouds
523,Kommunisticheskiy,RU,61.6789,64.4819,13.32,86,99,7.23,overcast clouds
524,Clarksville,US,36.5298,-87.3595,48.81,61,1,0.0,clear sky
525,Kitimat,CA,54.0524,-128.6534,23.38,96,82,3.58,broken clouds
526,Mesyagutovo,RU,55.5303,58.2528,6.57,94,20,2.55,few clouds
527,Porbandar,IN,21.6422,69.6093,75.29,54,0,10.89,clear sky
528,Luderitz,NA,-26.6481,15.1594,67.08,70,0,17.22,clear sky
529,Dwarka,IN,22.2394,68.9678,74.41,57,0,12.64,clear sky
530,Nyurba,RU,63.2842,118.3319,-24.92,97,100,5.73,overcast clouds
531,Dublin,US,37.7021,-121.9358,51.69,83,90,1.01,overcast clouds
532,Udachnyy,RU,66.4167,112.4,-44.55,71,99,4.32,overcast clouds
533,Timbiqui,CO,2.7717,-77.6654,72.99,97,100,1.54,light rain
534,Teguldet,RU,57.3064,88.1667,0.16,97,99,5.37,overcast clouds
535,Quelimane,MZ,-17.8786,36.8883,84.15,70,0,21.99,clear sky
536,Chumikan,RU,54.7183,135.315,8.91,90,100,8.12,overcast clouds
537,Yomou,GN,7.5603,-9.2653,91.0,34,35,3.56,scattered clouds
538,Khandbari,NP,27.3747,87.2039,52.63,70,30,3.91,scattered clouds
539,Jacareacanga,BR,-6.2222,-57.7528,80.4,84,99,3.33,overcast clouds
540,Miandrivazo,MG,-19.5167,45.4667,85.82,57,75,10.74,broken clouds
541,Abha,SA,18.2164,42.5053,60.62,23,0,11.5,clear sky
542,Cayenne,GF,4.9333,-52.3333,82.44,86,75,1.99,light rain
543,Craig,US,40.5153,-107.5464,29.39,72,1,5.75,clear sky
544,Vostok,RU,46.4856,135.8833,4.42,95,100,9.37,light snow
545,Saldanha,ZA,-33.0117,17.9442,71.65,86,100,13.67,overcast clouds
546,Leningradskiy,RU,69.3833,178.4167,-32.15,92,7,3.71,clear sky
547,Juba,SS,4.8517,31.5825,88.97,19,97,9.06,overcast clouds
548,Waingapu,ID,-9.6567,120.2641,80.49,82,87,3.44,overcast clouds
549,Trujillo,PE,-8.116,-79.03,67.96,73,31,8.05,scattered clouds
550,Rabo De Peixe,PT,37.8,-25.5833,61.29,93,20,16.11,few clouds
551,Lincoln,US,40.8,-96.667,44.55,47,1,5.99,clear sky
552,Gamba,GA,-2.65,10.0,76.39,89,100,2.95,overcast clouds
553,Gat,IL,31.61,34.7642,70.39,43,100,0.74,overcast clouds
554,Morondava,MG,-20.2833,44.2833,82.51,77,51,16.53,broken clouds
555,Dawlatabad,AF,36.4141,64.9053,47.64,63,32,2.35,scattered clouds
556,Evensk,RU,61.95,159.2333,9.34,50,100,23.33,overcast clouds
557,Porto Novo,BJ,6.4965,2.6036,87.62,67,63,9.46,broken clouds
558,Adre,TD,13.4667,22.2,79.43,18,94,7.54,overcast clouds
559,Rincon,US,32.296,-81.2354,59.86,82,75,9.22,broken clouds
560,Yellandu,IN,17.6,80.3333,71.33,66,46,3.69,scattered clouds
561,Pali,IN,25.7667,73.3333,63.55,30,1,4.63,clear sky
562,Golden,US,39.7555,-105.2211,58.42,36,77,4.0,broken clouds
563,Muisne,EC,0.6,-80.0333,75.31,93,100,9.53,moderate rain
564,Great Yarmouth,GB,52.6083,1.7305,54.55,93,48,10.92,scattered clouds
565,Krasnoyarskiy,RU,51.965,59.8967,6.91,89,16,6.51,few clouds
566,Itaituba,BR,-4.2761,-55.9836,87.96,70,40,11.5,scattered clouds
567,Aswan,EG,24.0934,32.907,85.3,42,0,10.36,clear sky
568,Jatai,BR,-17.8814,-51.7144,86.45,49,100,5.26,overcast clouds
569,Nador,MA,35.174,-2.9287,64.47,77,0,3.44,clear sky
570,Kalga,RU,50.9251,118.898,2.1,97,100,4.81,light snow
571,Zistersdorf,AT,48.5333,16.75,37.71,77,100,1.01,overcast clouds
572,Coos Bay,US,43.3665,-124.2179,46.15,93,90,9.22,overcast clouds
573,Mutoko,ZW,-17.397,32.2268,77.45,29,55,6.82,broken clouds
574,Paicandu,BR,-23.4575,-52.0486,93.87,29,0,11.5,clear sky
575,Saint-Augustin,CA,51.226,-58.6502,38.48,95,100,24.9,overcast clouds
576,Samarai,PG,-10.6167,150.6667,81.48,81,100,12.66,overcast clouds
577,Sidi Ali,DZ,36.0998,0.4206,56.37,68,0,5.17,clear sky
578,Northam,GB,51.0333,-4.2167,55.02,82,95,17.85,overcast clouds
579,Saint-Louis,SN,16.3333,-15.0,96.44,7,80,8.97,broken clouds
580,Innisfail,AU,-17.5333,146.0333,78.71,84,77,3.18,broken clouds
581,Hamilton,US,39.1834,-84.5333,46.2,60,1,1.99,clear sky
582,Skjervoy,NO,70.0311,20.9714,32.74,92,100,8.72,light snow
583,Kushiro,JP,42.975,144.3747,40.28,63,39,25.68,scattered clouds
584,Belaya Gora,RU,68.5333,146.4167,-46.55,99,97,0.65,overcast clouds
585,Natal,BR,-5.795,-35.2094,89.82,58,75,18.41,broken clouds
586,Kabompo,ZM,-13.5927,24.2008,81.57,28,49,2.71,scattered clouds
587,Nhulunbuy,AU,-12.2333,136.7667,75.81,83,100,0.0,overcast clouds
588,Boysun,UZ,38.2061,67.1986,37.17,59,67,1.61,broken clouds
589,Saint Simons,US,31.1352,-81.3901,68.02,66,90,8.05,overcast clouds
590,San Martin,AR,-33.081,-68.4681,75.74,45,80,13.91,broken clouds
591,Chilca,PE,-12.5211,-76.7372,73.56,81,51,7.4,broken clouds
592,Myitkyina,MM,25.3833,97.4,60.66,71,5,2.33,clear sky
593,Challans,FR,46.8436,-1.8749,53.8,81,97,7.74,overcast clouds
594,Bogdanovich,RU,56.7803,62.0494,18.0,67,46,13.04,scattered clouds
595,Strezhevoy,RU,60.7333,77.5889,-4.02,100,31,3.13,scattered clouds
596,Kousseri,CM,12.0769,15.0306,94.96,11,91,6.91,overcast clouds
597,Abu Zabad,SD,12.35,29.25,81.66,21,80,8.34,broken clouds
598,Vicuna,CL,-30.0319,-70.7081,60.53,37,1,10.58,clear sky
599,La Orilla,MX,17.9833,-102.2333,83.61,65,66,6.22,broken clouds
600,Rambha,IN,19.5167,85.1,73.22,75,6,4.99,clear sky
601,Peniche,PT,39.3558,-9.3811,66.76,73,11,4.65,few clouds
602,Luau,AO,-10.7073,22.2247,73.13,74,98,2.57,overcast clouds
603,Nuristan,AF,35.3,70.8333,14.16,43,0,8.66,clear sky
604,Saint-Pierre,RE,-21.3393,55.4781,78.48,69,0,24.16,clear sky
605,Manggar,ID,-2.8833,108.2667,79.32,86,100,7.05,overcast clouds
606,Gonbad-E Qabus,IR,37.25,55.1672,54.55,65,60,4.63,broken clouds
607,Mizunami,JP,35.3667,137.25,51.76,89,42,6.76,light rain
608,San Rafael,AR,-34.6177,-68.3301,71.15,31,0,9.35,clear sky
609,Sassandra,CI,4.95,-6.0833,82.78,71,16,8.52,few clouds
610,Camacha,PT,33.0833,-16.3333,65.53,94,40,3.44,light intensity drizzle
611,Marathon,US,44.9,-89.7668,35.24,73,1,12.86,clear sky
612,Kasempa,ZM,-13.4584,25.8338,81.54,30,82,4.79,broken clouds
613,Moree,AU,-29.4667,149.85,62.62,72,0,10.36,clear sky
614,Emborion,GR,40.4833,21.55,41.36,93,99,1.61,overcast clouds
615,Norden,DE,53.6,7.2,48.94,97,100,9.37,overcast clouds
616,Serenje,ZM,-13.2325,30.2352,74.55,29,21,5.26,few clouds
617,Tomatlan,MX,19.9333,-105.25,85.6,46,14,1.77,few clouds
618,Caramay,PH,10.1815,119.236,78.31,89,66,8.3,broken clouds
619,Masterton,NZ,-40.9597,175.6575,56.93,99,100,3.31,overcast clouds
620,Te Anau,NZ,-45.4167,167.7167,45.09,93,79,0.98,broken clouds
621,Muroto,JP,33.2833,134.15,55.8,58,17,16.53,few clouds
622,Auki,SB,-8.7676,160.7034,77.36,91,100,6.6,overcast clouds
623,Sale,MA,34.0389,-6.8166,68.02,82,0,0.0,clear sky
624,Barra Do Garcas,BR,-15.89,-52.2567,82.49,78,100,6.2,overcast clouds
625,Ponta Delgada,PT,37.7333,-25.6667,62.51,77,20,16.11,few clouds
626,Maarianhamina,AX,60.0973,19.9348,31.86,100,75,0.0,broken clouds
627,La Ronge,CA,55.1001,-105.2842,3.45,78,75,2.3,broken clouds
628,Bandiagara,ML,14.3501,-3.6104,89.49,11,92,7.27,overcast clouds
629,Ankpa,NG,7.3706,7.6253,86.18,19,48,3.42,scattered clouds
630,Kargat,RU,55.1956,80.2811,-9.53,100,29,5.79,scattered clouds
631,Ravar,IR,31.2656,56.8055,48.96,43,0,4.54,clear sky
632,San Jose,US,37.3394,-121.895,53.06,72,75,1.01,broken clouds
633,Niksic,ME,42.7731,18.9445,39.36,90,95,7.29,overcast clouds
634,Lillooet,CA,50.6856,-121.942,34.52,90,81,4.65,broken clouds
635,Lukaya,UG,-0.1489,31.8748,67.87,85,90,5.41,overcast clouds
636,Mount Isa,AU,-20.7333,139.5,67.77,28,0,0.0,clear sky
637,Whitianga,NZ,-36.8333,175.7,69.03,95,100,3.36,light rain
638,Sao Gabriel Da Cachoeira,BR,-0.1303,-67.0892,89.4,70,40,3.44,scattered clouds
639,Pasni,PK,25.2631,63.471,72.54,51,42,6.96,scattered clouds
640,Khorixas,NA,-20.3667,14.9667,74.52,67,90,10.09,moderate rain
641,Half Moon Bay,US,37.4636,-122.4286,52.81,85,90,5.01,overcast clouds
642,Ostersund,SE,63.1792,14.6357,30.65,93,0,10.36,clear sky
643,Igrim,RU,63.1906,64.4162,12.47,97,98,3.09,overcast clouds
644,Dzilam Gonzalez,MX,21.2833,-88.9333,86.56,50,18,4.56,few clouds
645,Havre-Saint-Pierre,CA,50.2334,-63.5986,32.59,69,90,36.82,overcast clouds
646,Pangkalanbuun,ID,-2.6833,111.6167,74.88,98,100,2.75,overcast clouds
647,Zarubino,RU,42.63,131.0922,17.51,58,3,29.55,clear sky
648,Eureka,US,40.8021,-124.1637,48.92,95,94,1.01,overcast clouds
649,Silver City,US,32.7701,-108.2803,52.68,42,1,3.0,clear sky
650,Yangjiang,CN,21.85,111.9667,63.57,62,2,12.08,clear sky
651,Orocue,CO,4.7912,-71.3354,93.0,38,18,14.94,few clouds
652,Dymer,UA,50.7865,30.3026,36.12,81,100,11.1,overcast clouds
653,Kwekwe,ZW,-18.9281,29.8149,83.73,40,95,4.97,overcast clouds
654,Kerema,PG,-7.9631,145.7785,78.73,86,82,5.84,broken clouds
655,Wanaka,NZ,-44.7,169.15,53.11,82,79,0.85,broken clouds
656,Goderich,CA,43.7501,-81.7165,41.92,70,6,19.57,clear sky
657,Dinghai,CN,26.2847,119.7936,58.12,78,100,30.02,overcast clouds
658,Hamada,JP,34.8833,132.0833,45.66,62,79,12.68,broken clouds
659,Roebourne,AU,-20.7833,117.1333,91.71,21,1,13.65,clear sky
660,Maragogi,BR,-9.0122,-35.2225,84.78,61,30,11.63,scattered clouds
661,Zeya,RU,53.75,127.2667,-4.88,86,9,2.55,clear sky
662,Andenes,NO,69.3143,16.1194,35.58,80,75,6.91,broken clouds
663,Palu,ID,-0.8917,119.8707,75.63,90,82,2.39,broken clouds
664,Manavalakurichi,IN,8.1333,77.3,78.89,82,79,10.69,broken clouds
665,Vilyuysk,RU,63.7553,121.6247,-32.39,100,81,4.72,broken clouds
666,Mayumba,GA,-3.432,10.6554,76.03,89,99,3.02,overcast clouds
667,Iisalmi,FI,63.5592,27.1907,26.62,98,100,2.26,light snow
668,Pauini,BR,-7.7136,-66.9764,85.53,74,85,5.82,overcast clouds
669,Vila Do Maio,CV,15.1333,-23.2167,83.19,69,46,12.24,scattered clouds
670,Kieta,PG,-6.2167,155.6333,79.72,85,100,2.04,light rain
671,Buraydah,SA,26.326,43.975,63.05,31,82,9.19,broken clouds
672,Bourges,FR,47.25,2.4167,49.37,95,100,4.12,overcast clouds
673,Swan Hill,AU,-35.3378,143.5544,69.24,36,0,7.99,clear sky
674,Okato,NZ,-39.2,173.8833,61.43,95,100,5.44,overcast clouds
675,Vyartsilya,RU,62.1764,30.693,23.11,96,100,5.35,overcast clouds
676,Kailua,US,21.4022,-157.7394,73.38,52,83,21.23,broken clouds
677,Koygorodok,RU,60.445,50.9968,7.84,90,100,5.32,overcast clouds
678,Bonthe,SL,7.5264,-12.505,83.93,69,94,10.38,overcast clouds
679,Semey,KZ,50.4111,80.2275,15.96,94,100,7.23,overcast clouds
680,Teya,RU,60.3778,92.6267,-10.55,100,99,0.72,overcast clouds
681,Phangnga,TH,8.4509,98.5298,78.84,88,9,4.92,clear sky
682,Uryupinsk,RU,50.8047,42.0138,21.61,62,23,11.36,few clouds
683,Deputatskiy,RU,69.3,139.9,-26.5,98,98,1.48,overcast clouds
684,Kiama,AU,-34.6833,150.8667,60.01,90,65,6.89,broken clouds
685,Satipo,PE,-11.2522,-74.6386,86.61,63,68,1.39,moderate rain
686,Mamontovo,RU,52.7055,81.6244,-2.24,99,84,5.41,broken clouds
687,Montepuez,MZ,-13.1256,38.9997,80.46,51,88,11.68,overcast clouds
688,Brandon,US,27.9378,-82.2859,84.15,82,1,1.99,clear sky
689,Buchanan,LR,5.8808,-10.0467,89.56,72,39,10.58,scattered clouds
690,Berdigestyakh,RU,62.0989,126.6992,-13.43,98,100,4.59,overcast clouds
691,Kinlochleven,GB,56.7115,-4.9661,46.74,91,100,4.9,overcast clouds
692,Kvarkeno,RU,52.0833,59.725,6.98,88,16,6.42,few clouds
693,Maryville,US,35.7565,-83.9705,47.39,67,1,3.0,clear sky
694,Noshiro,JP,40.2039,140.0242,34.3,69,100,28.61,light rain
695,Shieli,KZ,44.1667,66.75,38.37,96,100,3.71,overcast clouds
696,Sisimiut,GL,66.9395,-53.6735,16.81,90,90,7.76,overcast clouds
697,Chisinau,MD,47.0056,28.8575,45.93,98,90,1.01,light rain
698,Ustka,PL,54.5805,16.8619,33.62,97,99,9.89,overcast clouds
699,Coihueco,CL,-36.6167,-71.8333,63.34,39,40,4.61,scattered clouds
700,Dixon,US,38.4455,-121.8233,52.48,96,90,11.5,mist
701,Sao Joao Da Barra,BR,-21.6403,-41.0511,87.89,78,77,16.84,broken clouds
702,Santa Maria Da Vitoria,BR,-13.3947,-44.1886,79.95,84,100,5.19,overcast clouds
